area,bedrooms,bathrooms,age,price
3232,3,2,27,807877.1502731956
3107,4,3,14,805052.6720253645
2153,1,2,32,536602.2881853326
3764,3,3,22,905753.098527944
1533,5,3,34,488671.3033108325
4873,1,1,46,1070314.4241975541
3968,1,1,2,912729.0856828818
1205,5,2,33,413489.6739458806
3099,5,1,44,767908.7482189242
2635,1,3,7,691641.5443381395
2722,5,2,35,702607.9070335352
3397,5,1,31,842652.2542044689
2201,3,2,47,571158.6875291552
1037,1,2,27,348894.91490138764
3393,5,3,39,855158.3464361678
2663,3,1,37,650494.9025289039
2546,1,3,18,638887.8049234647
2371,1,2,49,586685.276851383
2996,1,2,13,730137.6730200456
599,5,2,48,284376.6191012245
2508,5,1,40,645494.0949719179
1255,4,3,49,407175.68021421554
1297,3,3,49,420670.37472947536
1159,4,1,26,371551.73438729846
3719,3,3,1,912537.581837731
923,2,3,39,335846.08917292574
3837,4,2,31,917001.7178115273
3245,1,2,42,774588.0214169151
1044,2,2,48,328830.82888216805
1214,2,1,37,357070.4081702962
2792,2,2,39,690421.7697558827
651,3,3,29,286958.7367973569
3223,5,1,43,787965.4853064261
4031,5,3,24,997354.7196924007
3430,2,1,16,817106.0179132004
1707,5,3,39,521709.6985003462
1302,1,1,39,359545.6956138073
2676,5,3,23,727228.2976827436
2676,3,2,49,677395.6234050909
2456,2,1,8,632244.1919226162
4122,4,3,38,983136.3416781389
4060,1,3,3,963775.4140331855
1256,4,3,14,435535.339024604
4869,2,3,21,1122211.8488258286
4984,2,2,47,1121038.7753023605
2141,4,2,30,602458.0573745953
3614,2,1,33,860817.6101226781
4853,2,1,20,1107999.4054982737
4571,2,3,45,1066085.8513624978
4509,5,1,45,1034107.4885049487
2605,5,3,23,709625.6223142613
4442,3,1,23,1018308.8340493412
3691,4,1,45,860114.2810239464
930,1,3,38,316909.9416140868
4687,4,2,35,1091056.6507404635
2946,4,3,39,749226.4442570134
3159,3,2,22,775292.0057429316
2089,5,1,29,576220.4149842297
3456,1,2,49,808141.0648512323
3181,1,3,35,776034.5807966231
4680,3,1,2,1081118.723968963
2751,2,2,46,670442.9685662835
4920,4,2,47,1116794.280820393
1571,4,3,18,493305.6471042048
1704,1,1,35,443229.63367874554
4418,4,1,44,996492.1773141412
1667,1,2,14,462474.3274203485
2184,5,2,18,596877.8205865938
3799,5,2,32,930786.5023430776
3267,1,1,22,772616.2522724034
3457,3,2,35,838868.9314483847
4969,4,2,46,1134149.583818413
1060,1,1,2,343315.51581862156
2105,3,1,6,566196.4978313408
1972,5,3,48,561301.4546156018
4178,4,1,39,966566.6256786148
756,4,1,32,299127.081528737
4262,5,3,29,1028163.9594303634
2454,2,1,39,609336.5647352628
1316,1,3,49,404039.5698681278
2935,3,1,5,748593.4262555711
2134,3,3,38,599438.7312443773
1473,2,2,8,449608.2276420903
4964,3,2,4,1135740.886484286
2523,3,2,22,646709.5157058203
3465,4,3,22,861519.1281252747
701,1,2,27,283231.4983256532
2931,4,1,3,732706.8205902791
2918,5,3,29,767961.6637709837
3955,4,1,48,923008.6706325731
4726,2,1,33,1054348.7279056245
1431,1,1,38,396018.24009619385
2487,2,3,34,649382.960861975
3287,1,1,36,751842.251182585
4805,1,2,33,1096728.7744705342
3110,1,3,40,736134.8997114481
4682,3,2,18,1081492.4284709003
2559,4,3,10,701519.7029386557
807,3,1,36,276467.42166525964
1652,3,2,45,471402.6591956203
775,4,3,23,315536.3961172457
1708,2,1,6,472669.75855555775
2992,1,1,23,688762.268868278
3036,2,3,10,758774.2829828699
1137,2,3,2,375970.7855284571
1270,5,3,44,422982.362578735
594,3,3,6,286647.6860417834
3798,1,2,43,871363.3582869086
2844,4,3,5,759279.1319656675
3591,2,1,8,840331.2039612856
4412,5,2,20,1058743.8667318905
1934,5,1,39,548592.7576995887
680,2,1,14,265390.64150304685
2871,2,3,12,724623.297954246
4354,5,2,24,1026306.6148513845
2687,3,3,39,685802.148998805
3146,5,1,12,795246.4272074989
4033,5,3,41,982655.9073496889
3437,5,3,32,875767.9521625399
2145,3,3,4,609703.3087932721
2052,3,3,3,585308.1065187823
3724,3,3,8,920534.8826166646
2697,4,3,3,741452.4620942047
1634,4,2,26,497956.5622617468
525,4,3,47,263472.5398309575
1988,4,2,6,574496.794419359
1456,1,3,17,443558.50805817934
2413,1,2,9,629463.8807753974
3434,1,1,18,809516.1657203591
1969,2,2,29,519558.3256495701
3221,1,2,15,760503.154346273
2396,2,1,7,616426.2701720508
1428,5,3,14,492626.18198369833
3311,1,3,29,794943.3589206003
969,3,2,4,349919.1026195035
2835,4,3,45,719142.5227380479
1025,2,3,39,362278.2950470566
2363,5,1,48,590548.3314495648
2220,1,3,5,573863.396989642
1091,4,3,1,406450.19919820153
2822,3,2,12,717576.5635320864
4010,5,3,39,972703.769849262
707,3,3,7,309889.05213476584
4762,1,2,21,1087269.8791445636
3921,2,2,7,926561.9601095034
4589,5,2,17,1078330.750282669
2410,1,3,1,627226.3707192703
3360,1,3,4,833883.3886199684
716,2,3,6,299952.5804503778
524,2,3,48,231947.22416232803
4663,1,3,40,1068621.7832694396
3526,2,3,17,866749.9472178001
2782,5,2,26,736689.6074755322
2240,2,2,31,584679.0338712167
4887,5,3,28,1151802.8875279033
4281,1,1,12,979940.0786727703
3275,4,2,41,811771.7487002044
3103,1,3,1,774710.9469333619
1662,1,2,34,454954.00607274426
4575,1,1,26,1029601.3290493877
1123,5,2,15,396401.43501743814
1270,4,2,49,402001.1390688313
4551,2,2,35,1032480.8667557307
1741,3,2,41,476195.6223018149
3211,5,3,44,806838.8862049923
1321,1,1,39,376122.1094332943
4903,1,3,20,1128187.9756734062
1698,3,2,43,488502.3896424956
3497,2,2,35,830033.0907788539
3095,4,2,39,758063.5860415815
1307,1,1,22,386845.53535284556
3965,3,1,21,927312.3294446011
2621,1,3,27,678534.5503626652
4893,3,2,36,1126579.464913922
4386,2,1,28,1020086.1867882283
1230,3,2,4,401802.27014286636
2295,1,3,26,610007.2390508918
2323,5,3,8,664513.6410635294
3966,2,1,5,920148.7365450555
4111,3,3,5,992975.1768289304
699,5,1,10,285182.6165778328
1947,4,2,5,541412.0386299733
2889,4,1,34,717065.6880153078
3616,3,3,11,900630.0707069742
3350,2,2,24,814380.2403349546
2454,1,3,49,624700.2459825965
2292,4,2,33,620530.1715315109
1983,5,2,14,563703.0220430067
697,5,2,22,305674.6725151224
1394,5,2,29,451675.2151341388
636,4,3,24,304531.18729448935
2737,3,1,49,665798.1118620323
2757,4,2,6,731607.9438612792
1892,2,3,3,528979.9874895287
3919,2,3,1,943113.2131271141
668,3,3,10,300766.02225543745
3352,5,1,8,839565.3487977377
4772,4,3,30,1124423.8519791523
2061,3,3,22,563585.0825320939
4919,1,1,17,1105440.0417981606
1008,2,3,15,369975.4631546689
3686,1,3,20,889593.0453313303
2277,1,1,38,567591.5492160548
3861,4,1,27,894956.8650325893
646,3,1,13,258701.13523256517
4817,1,2,16,1100220.806086722
3062,1,1,20,726851.1181524561
1408,5,2,19,457325.5760199881
3313,5,2,43,808436.5732303704
4195,1,1,3,961885.0523571512
3913,4,2,17,930202.189811038
923,1,3,12,314063.2143738059
4123,2,3,36,974557.7908850688
4234,3,1,10,995225.8879645698
3986,4,2,10,964656.1642790177
4229,5,3,31,1024970.0351973533
1467,3,2,23,426279.8565817073
4870,2,2,43,1112561.0706709754
1360,4,3,21,446059.5510262406
933,4,1,42,340195.62005205767
1929,4,2,20,555223.1430827697
4797,5,3,5,1131848.7457334786
4429,3,1,47,1014850.4968025589
3046,2,2,16,737234.6476242684
829,1,2,34,281205.0450957094
4112,1,2,1,959392.4332323985
709,1,2,48,256859.37549637398
4468,3,1,16,1034575.6521561746
1540,4,2,14,460771.44959195785
664,2,3,10,281293.0799574335
1106,5,3,43,400706.0520173308
1719,4,3,11,523167.49732065975
1831,5,1,40,512943.7304870153
4732,4,3,35,1091963.1664830535
1452,1,2,40,408628.6261668468
3665,4,2,49,869592.7081693851
3298,1,3,45,782893.7362698313
660,1,1,45,243719.34804224578
2695,2,1,43,641543.2877102749
1611,2,2,2,460271.0339367397
3585,5,2,9,889189.8939659826
2408,5,3,1,680602.8883064735
3499,3,1,12,829959.8527025192
3263,3,3,27,826441.4403578006
1232,5,2,31,425398.4752536122
781,2,2,44,275385.52933531534
4354,1,3,43,1001849.1824442315
1808,3,1,20,488813.24527342385
3896,2,2,22,901346.1789512878
1095,1,2,48,338030.11050456157
1147,3,1,2,380735.9486822937
4540,2,2,19,1068618.6426312656
1073,5,1,29,356125.90496368665
756,2,1,12,293562.3509081262
3708,3,2,40,895023.5369125796
3779,1,3,10,907778.5330956716
1528,3,2,25,459121.6348957606
4944,4,2,5,1165032.7304830072
3489,5,2,27,884040.999482419
1086,4,2,44,369978.0856261647
3791,3,3,22,921598.6211449632
3367,3,3,15,832238.3120099253
1239,2,3,30,400853.20755012496
3945,2,1,2,933241.6493277306
937,4,3,15,367346.1036132947
4398,2,1,1,1006300.76751075
4511,2,2,16,1045090.7620249656
2347,4,3,34,636108.4651753989
2032,2,3,33,557547.3875775571
1520,4,3,38,453381.5163278175
1441,1,3,6,445707.8861410273
3403,4,3,31,856054.2315676372
949,2,2,42,323248.53438186506
3898,5,3,48,950562.3718285498
3625,5,1,10,866940.6373739658
1316,4,1,8,414006.77208028734
2607,5,3,31,711507.1499934217
2190,5,1,22,583398.7112370754
4759,2,3,31,1081407.3053383871
4142,1,2,42,931994.4202812931
1445,1,1,9,412640.25691820605
701,2,3,2,307928.7600885244
2305,1,1,46,571862.9319462146
2362,4,3,22,645847.4100427035
1050,1,1,9,315496.7162402143
4251,5,2,46,999014.9585940633
2172,2,1,1,577088.3937259935
2540,3,1,28,640404.9590743948
1403,5,1,49,427598.29634679976
1004,5,1,26,357147.8880546104
4311,4,3,30,1030150.394482697
1979,3,2,8,550059.9316249196
4996,4,2,27,1174271.0226975586
3628,2,1,32,848746.7426660922
4321,3,1,15,1000414.1244968364
3211,2,2,20,786754.1999093681
780,1,2,9,293729.0581962427
1528,5,2,40,444026.4362650554
3160,1,2,30,763500.8451437232
2853,2,1,24,711809.3927408968
2891,4,2,14,733397.2013160994
653,5,1,41,289640.3574883917
4360,5,1,2,1033431.3030266808
2905,3,2,26,730934.7139764982
3245,1,3,25,802203.6001697318
1553,2,1,31,422899.9856870919
3477,2,2,42,836824.9391281847
4393,2,1,17,992957.8271864066
3179,2,3,12,786048.4525108609
3495,4,2,40,843064.7968265248
4603,2,1,8,1058220.053664519
3165,4,3,39,795091.2558943053
3557,4,3,22,870200.2554041413
4468,3,1,25,1023934.6712815018
1351,3,2,38,403357.7861746562
1900,1,2,44,505312.93620840367
4293,2,1,37,971667.649455449
3831,4,3,33,935407.7407590065
626,3,3,10,291145.2754285933
1077,2,3,41,364239.3896823029
1304,3,3,17,425464.09236529446
3524,3,1,36,835051.9871468707
612,1,3,4,249466.1143525829
2467,4,1,40,629372.5087697778
1150,4,2,38,385139.1367011023
4833,3,2,4,1122607.199450854
1884,2,3,41,527993.9247139255
563,4,3,36,286986.07028992823
4499,1,3,2,1066842.138918495
4488,4,2,4,1066648.1160807228
3002,1,1,12,700261.9929533002
4016,2,1,4,913345.0055121036
3171,3,1,47,739681.5904792548
2887,2,3,13,735520.9293881586
2368,2,1,33,590526.9471171943
3941,1,3,40,925962.3985201997
2774,2,2,1,698047.5407744283
2463,3,1,48,606235.0882849426
3456,4,3,24,869750.4794241043
4398,1,1,8,1007159.244113725
4469,1,2,2,1030233.4986451952
1198,2,1,35,356715.23341761046
792,2,1,14,290443.1434332899
1337,2,2,31,406943.43575162994
4599,5,3,22,1092360.1930040126
4622,3,3,18,1083204.2614408205
1236,2,3,24,387894.53954354615
2796,5,1,36,701130.9338516317
4961,1,1,34,1108323.3358934184
2471,3,3,7,671162.7186694377
3773,5,3,25,926119.0203963744
697,1,1,35,252022.66726825983
2171,4,3,41,599558.4310534245
3185,4,3,39,797560.7329291408
1106,3,1,10,347135.4034489637
2620,5,2,25,689751.7662838224
4842,5,1,30,1125199.4400611597
1659,1,3,6,462169.0235160387
2231,4,3,49,602738.7680224855
2761,4,2,49,720242.8369880497
3895,2,2,26,922726.3671856809
2875,5,1,5,740098.3249500347
1095,3,2,47,348128.14830429084
2804,4,3,39,719516.7016212603
4217,3,3,1,1017067.1160430004
3919,3,3,15,967328.6362937713
1631,2,3,10,490855.8919089493
2503,4,2,37,643378.4160222918
4091,3,3,48,980967.8696238387
3721,4,3,29,911774.0579284191
2521,2,3,16,678173.4648101395
2207,1,1,3,559233.969753623
2082,1,1,37,512867.3424309611
500,1,3,8,252746.2957781357
1191,3,2,18,399023.269838003
3646,3,2,32,883574.4479673092
3047,3,1,44,733991.9176666881
3286,4,1,42,781319.0331203139
3183,5,2,16,803546.5927810211
843,4,1,29,288917.1813164578
4878,1,1,43,1069968.7846243118
3687,5,3,32,914615.4318510274
1327,2,2,23,407790.02140653477
2349,5,3,24,649405.4567853522
2721,2,1,5,676130.2094502226
3704,3,1,1,881338.1455525018
4013,1,1,18,926110.2530418977
593,3,1,7,251108.8706157346
2967,4,2,5,769275.4791414633
4278,3,2,12,1029208.8081251391
904,3,2,33,329027.8965602193
1709,5,2,17,508029.08389775956
875,2,3,3,333137.29855913215
4445,1,3,11,1050598.372221841
3250,3,3,40,793734.10574128
997,3,1,39,315361.95579727436
1938,2,2,40,505955.5154612954
1238,4,2,1,404314.86159479315
3790,4,2,10,912551.8368062014
2475,5,3,12,691899.049417855
2062,2,1,45,535922.8256458802
960,3,1,18,321029.2692763982
4174,4,1,37,973373.3404604569
3623,4,3,42,896191.5667510823
2338,1,2,48,584605.6420309716
1968,1,3,6,536050.5724238276
3966,5,2,42,937495.9826486192
4543,4,1,49,1049204.2755312552
4923,4,2,39,1140061.7941228838
3487,2,1,37,819669.5589339866
3963,1,1,5,904023.5309909896
3792,1,1,12,879749.7719288905
3381,4,2,40,832489.9958745682
3408,5,3,30,864740.3384364714
834,4,1,44,292349.7678319231
1241,3,2,46,395322.60510065337
1743,1,1,12,452323.68051821226
600,1,2,43,247787.4192480694
2963,2,3,33,751910.5594408708
2769,5,1,2,733523.3031753523
674,2,1,45,243875.07809749557
1105,1,1,48,312005.6998343848
4245,5,3,35,1034438.8036230837
4308,4,2,43,1003107.8472091303
2269,4,1,43,587739.95511444
1348,5,1,45,408925.3778283993
1590,3,3,11,478479.28028586914
2673,4,2,43,686309.9946618489
1662,2,3,41,462979.84083441965
1679,4,3,47,503222.05681644037
1196,4,1,40,364530.6891154327
4917,3,2,16,1118082.6865353207
2996,4,1,46,730698.925412097
3257,2,1,27,777216.3385281123
4428,2,3,42,1035369.3459705323
4547,2,3,41,1062083.5373082715
2551,1,1,45,589163.5960030959
3810,4,3,49,912448.5556904332
2247,4,3,17,626966.5229450304
3404,5,2,44,853990.0327993615
1402,3,1,29,418737.44493674726
4368,1,1,1,1017113.4005184812
1104,4,2,45,363050.60577086
4186,2,3,3,1003444.16995282
1369,1,2,23,391300.29192430695
3951,1,2,25,913656.47780376
4281,2,2,45,976347.0428171703
1853,5,3,20,549260.1134068328
600,4,2,31,270565.50878814334
1345,3,1,14,407027.1753989068
1171,5,3,8,425422.12664516486
4165,3,2,20,988434.5343958272
3607,3,2,36,864799.8846738685
737,4,2,30,298959.54371150373
1805,1,2,21,485274.2145846805
521,2,2,9,246628.68279841315
1753,3,2,11,500609.6285855303
900,5,1,42,328909.7105518198
1506,4,3,35,477355.2519067126
3691,4,1,47,882440.4453794708
2201,5,2,12,606222.9724005958
2234,3,2,9,606993.7222533874
3918,3,2,22,918653.2035840732
1086,3,1,5,363431.74718252575
1330,5,2,48,432826.7228209106
2108,3,1,8,561104.10498333
3705,5,3,22,935726.3604725887
1837,4,1,23,499514.3212968452
4047,5,1,7,962013.5471690836
887,2,3,20,331041.9015735631
3266,1,2,44,781422.1035458583
4422,1,1,7,1001725.7054365801
1721,2,3,33,488164.46899091225
2424,5,1,38,620883.7164162198
1209,1,1,23,357328.8104444262
947,2,3,42,345866.9514089444
850,3,1,22,311006.80109093693
1164,2,3,12,398766.50654336263
4215,1,1,44,943930.2552507634
4921,5,2,4,1156566.906407361
924,5,3,33,370072.4591641637
4760,5,2,30,1116680.8892436586
1701,1,1,22,452463.9176428062
4011,3,2,18,962182.4062240361
3212,5,3,6,832422.1254832727
1173,4,1,48,357222.23740614793
2438,3,3,28,657691.8849533097
1253,2,1,2,385407.19890433864
2473,4,2,34,637229.7065615131
4642,3,2,41,1056770.9410512839
3187,1,3,44,771354.1187582687
837,4,3,40,355774.09661478276
4096,3,1,44,938271.7939645379
4202,3,3,38,993037.2614091443
2338,3,3,31,642337.7119761705
3434,3,2,19,836727.1880020949
4884,5,3,16,1149315.3313675201
615,4,3,46,269272.03547451826
3184,3,1,41,773566.6397378749
3746,2,2,30,890863.5454225019
3046,3,2,5,774961.2570843119
3904,5,1,49,920722.4344162128
4458,4,2,43,1032832.8797401721
3133,4,1,21,768928.3688427584
4742,3,1,17,1086260.3121737437
3320,3,3,22,819616.888443013
2299,2,3,3,628914.4990955113
3191,4,1,21,770104.0383120028
1572,4,3,46,473072.41235424776
3648,4,3,25,900059.921275235
4712,1,2,44,1053489.8018682464
2017,4,2,21,540844.9464498018
2084,4,3,46,583278.6966411126
2502,2,1,16,619842.4923955973
2727,2,1,34,676657.0795932437
3109,5,3,25,800880.1772231595
3643,2,3,25,875686.4041156878
4005,4,1,41,936415.2194677888
4578,4,2,28,1082134.3974863044
574,4,2,4,277165.9233688183
3893,2,1,20,913747.3769482977
4104,3,3,13,1003703.0364101762
3780,1,2,45,883403.2281065595
528,5,1,11,281364.3149099226
1934,3,3,10,569726.4602101247
3403,1,3,29,836248.82293893
3752,2,2,47,892943.2631941565
2138,5,3,32,608680.6952962996
1277,5,1,24,404107.761004278
3944,2,1,14,894177.5636475619
1385,3,1,6,405772.66880478204
1112,1,1,46,319917.172008412
4686,4,3,41,1097882.6491275944
1592,4,1,8,467872.05536597915
1117,1,2,42,332392.3950975125
2046,4,3,47,554742.2238855868
4608,3,3,17,1086797.7683353326
2773,2,3,40,697705.8207118821
2969,4,1,36,722724.4595845013
4763,2,3,43,1088678.4783834962
1428,4,1,29,416698.43408127595
1902,4,1,18,522434.7626098368
3861,5,3,38,939636.9717300475
1422,4,3,2,480998.7533151702
599,5,1,18,278209.9673204512
2854,1,3,31,700576.8208197348
2892,4,3,35,743095.5221853255
2108,4,1,4,562797.1439364881
1420,4,1,34,432121.6829517479
3806,5,3,44,948041.8672458082
784,4,1,26,311320.0198275303
4230,3,1,2,978553.073687574
2849,1,2,35,691387.3298027383
3370,2,3,40,814984.2932448708
500,2,3,41,250120.13105914183
2686,5,3,19,712620.901967161
2989,1,3,42,725041.0830599898
4538,1,3,22,1047467.829716482
3463,2,1,48,805132.8846913242
1686,5,3,29,524641.2870813789
2598,3,3,2,690312.723072634
2568,1,2,42,639239.6507552622
2676,2,1,39,658920.7635679714
4701,3,3,13,1106567.8476312817
725,3,3,16,299543.41867134406
2307,3,3,29,610188.0966456586
3690,4,3,26,915917.2697515157
2699,3,1,23,668537.7556368533
2432,3,2,28,615273.7067731754
4473,2,2,14,1043729.52368183
4341,5,3,34,1047495.5452054621
766,4,2,15,301640.3291885737
3578,2,2,9,872894.1998120265
1114,2,2,5,378666.3598715775
4506,3,2,47,1039087.4525129017
4927,4,2,22,1131656.8063226559
1865,5,1,46,500976.69467114715
3954,5,1,29,938229.3151315856
2918,2,1,23,689960.8461044971
3830,4,2,15,932550.8027318448
1127,2,1,1,345791.76686619665
1468,2,2,38,426249.12729254697
4985,5,2,10,1169118.6854727326
681,5,1,34,291317.85268097045
2783,2,3,41,691720.5240473851
4789,5,2,41,1120037.2944952473
3634,5,2,8,888851.5980716535
2880,3,1,27,715455.495517694
620,3,2,30,267850.3823372251
1025,1,2,18,340958.5066896543
722,1,2,11,265694.7465317197
4176,2,1,44,953190.8427567177
4832,2,3,34,1117462.0339630372
2653,2,3,2,698236.9789271336
3785,2,1,39,875626.3396301399
4090,5,2,20,986065.3611720966
4132,1,3,30,978812.99220316
2076,2,1,7,545141.020142343
1422,3,1,6,419008.3079960917
4057,5,2,5,988312.7380663106
3609,1,2,3,850794.8205455547
4691,5,1,41,1078060.0357666917
3044,4,1,41,741527.533838106
562,2,1,17,235104.4587935414
2942,3,3,8,761393.9707280549
2944,1,2,41,727757.6139130633
2523,5,1,25,662809.4983984611
650,1,2,24,268723.0064728809
903,4,3,23,349062.90562631766
2937,3,1,42,705529.8371149485
3352,5,2,7,843118.2195310701
627,4,3,15,311428.8909726888
2008,3,1,40,505118.815217691
2297,2,2,25,586568.3522470864
3008,1,1,32,711623.3584683422
4325,4,2,21,1022259.0763293707
1607,1,2,19,471577.29682143044
4480,1,3,36,1037476.8321574265
2522,4,3,33,666278.0855646952
1659,4,3,21,490523.92931460653
3752,5,3,25,929494.3996506213
1092,3,3,33,363867.79917321587
1524,2,2,28,445467.50650418433
4299,3,3,45,1013911.0632224168
4215,2,2,37,977700.3193209273
2871,2,2,19,735491.7666479504
3716,5,1,23,887625.3401857971
2404,3,2,35,621375.957922041
1981,4,2,32,538074.8425551109
616,1,3,19,267894.0148384987
1241,5,2,15,436632.73615950026
1324,5,3,8,461487.2239912047
2409,5,2,12,654655.129544108
4093,4,2,11,985616.3024881989
2627,1,3,39,648791.4436205641
1242,2,1,42,358462.6628830561
917,4,2,23,342752.5257457039
2424,3,2,1,645294.2198670855
3460,3,3,35,834193.8375560138
2776,4,3,18,734476.2317923479
2363,5,1,43,618891.9649251421
2914,4,1,7,730529.4879372722
507,1,1,4,224441.74999082502
1290,2,2,41,372665.08446632
2390,2,2,28,599202.0438467566
2706,2,3,13,701046.8726233824
2282,2,3,40,594722.7680908383
2116,5,3,22,607084.444797757
1679,3,1,26,476194.9067231761
1126,3,1,1,367960.70069694845
4571,4,1,44,1019093.319451708
1298,2,2,35,390593.4636197911
2638,3,2,2,681789.5597800596
3114,1,3,49,750953.0564567707
2373,4,1,44,616597.3081257156
937,5,2,38,332614.6981405889
3585,3,1,47,840939.5662390798
3836,2,2,44,910903.0391191123
2245,5,1,26,594740.5688503154
2928,1,2,24,718323.2788618574
600,1,2,43,248163.05778970802
1909,1,2,5,521402.3143910209
1265,5,2,8,422149.03019668575
4826,3,3,30,1118104.78989292
3210,3,1,2,793438.0015376598
3602,2,2,24,864321.4909078174
2296,5,2,24,619335.3158492878
3134,3,1,25,747535.2684563892
623,4,2,26,268791.93285851006
3289,2,2,6,821416.5186118477
2129,3,1,23,558620.5487960951
2736,4,3,17,747302.2858565341
1733,2,3,32,501155.4560307054
1820,1,2,49,483895.223228338
3038,1,3,1,765162.7248830518
2002,4,3,4,593391.4985019737
3089,1,2,34,731139.3681495592
4249,4,2,32,1025400.1310837073
4978,2,3,7,1156096.9829738818
2764,3,2,1,705265.9990780719
1008,2,2,9,350125.6100228842
3637,4,3,25,910823.388760308
3772,5,1,7,905824.4512421703
1908,5,3,12,576268.6937244107
1611,4,3,5,497535.5584241352
4377,1,3,38,1006337.2646682551
2995,4,2,8,760105.1758124497
2958,3,3,26,761235.4146648592
2027,2,2,43,522809.27268205624
3011,4,1,6,756126.1611003461
1625,3,3,38,477565.8213591741
1821,5,1,5,518227.8982204147
2437,4,3,43,638764.7639724552
4452,1,2,13,1011871.11675484
3615,4,1,17,853162.039823472
1634,5,3,6,527761.6719374927
4025,3,1,14,940583.4683736878
4970,4,2,12,1159586.5193006624
3463,4,2,23,862881.893644816
3937,1,3,43,908698.8284306845
2667,4,3,40,688984.5432468428
4878,2,1,1,1112647.1553669379
1060,4,2,25,351259.20447919634
3771,3,2,49,883912.9148700313
4835,2,3,28,1108751.0692689954
3242,1,2,31,776195.2244216953
4952,3,2,25,1133641.8413363614
2374,1,2,29,620381.4927937696
1929,4,1,25,537678.9137206939
3062,4,1,31,743367.6151572469
3836,4,1,47,894826.8656254315
2809,5,2,33,721824.1548708456
3866,5,3,47,977765.7434911056
1112,5,3,36,384298.0035602186
2153,2,3,23,586135.3970040461
1071,5,1,48,334355.67864638474
4248,4,2,9,1015030.6255879408
1401,4,1,4,452298.90561909013
2809,1,1,37,664215.4456832589
4247,3,3,15,1027945.5442147205
1789,3,3,37,513638.847740468
4587,2,2,18,1054175.0128317457
3596,3,1,20,851683.4364105361
2130,2,2,25,557630.9735482
3958,1,1,25,897839.4172811018
4471,4,2,36,1032898.055876755
4161,4,1,2,1001268.0072894944
1791,2,2,13,497769.23604206555
897,5,1,21,336837.74310765753
3032,1,1,8,718634.6814856022
2629,4,3,23,710469.9055941534
1678,4,1,45,465364.4422209217
4538,1,3,16,1053689.673321422
2211,2,2,33,557410.2336470406
4488,5,3,34,1079559.762111396
2989,2,1,14,743915.0570482025
1669,1,3,2,479109.2241400009
4557,3,3,4,1079817.7084629752
3816,2,2,40,881816.7604178499
683,3,3,37,294391.6217424038
3768,1,2,39,874740.2419790683
4707,3,2,28,1094450.8110149447
3327,4,3,35,838414.7354680093
4566,3,1,46,1027074.839538144
2786,5,2,39,719949.4804906438
2849,5,3,48,737516.9889327752
3322,1,2,26,780489.6702262328
4428,5,3,17,1070831.4412703738
3041,3,3,49,796716.6021496712
3098,4,1,10,792751.7063400594
4647,1,3,26,1072798.2659776765
1540,2,2,1,474888.5720801076
4302,4,2,16,1021946.1663585373
2382,2,1,17,602368.6166055852
1145,1,2,43,328004.28212370235
4539,2,1,37,1014698.9443405571
1943,4,3,8,561765.0073601352
3239,5,3,24,831875.1903166543
3930,1,3,41,920639.8453485927
1261,5,1,39,391910.57648608135
1447,5,2,46,440511.8680046616
4497,5,2,38,1058738.4686439205
1125,4,3,38,377185.8834931772
895,3,2,5,330373.6143963144
2999,5,1,35,743487.1013019171
4462,3,1,23,1013410.5106692712
3883,1,1,31,882797.6210673546
3055,2,1,34,720651.9283646549
3689,5,2,28,916153.8239200948
4557,3,1,8,1049961.962028609
3808,1,2,14,892704.5433174343
4599,4,3,26,1096080.2810702138
665,1,2,38,259569.68316840628
1915,4,1,32,504637.5819569985
2321,2,2,37,591932.1589089247
1602,2,3,48,452309.6767374791
4351,3,3,40,1023748.2975580678
3517,4,3,9,878536.6747880109
1023,4,2,19,366670.6946285781
3183,2,1,21,751295.4075443784
603,1,1,26,226922.32758479813
1199,1,2,40,353888.40331077646
4265,3,1,30,993825.9137047089
948,2,1,3,326780.0365928054
4300,2,2,41,993188.8870758567
3967,5,3,18,976536.8171918998
3024,3,1,41,725452.8214790644
3397,2,3,40,830010.0288849764
3587,5,1,34,873174.3393379379
631,4,3,4,309351.4678562884
3020,5,3,27,796916.479454761
713,2,1,48,266341.55027515185
3856,1,1,25,867053.0196061109
4398,3,2,31,1028403.7888478305
4297,4,1,2,1012973.9807150896
2114,1,1,43,530182.8881396825
3427,3,2,19,847059.7652802675
1333,4,3,8,438394.6183690856
1791,4,2,44,489997.2589757744
1805,2,3,6,534061.9147285104
1883,5,2,41,526115.1535506959
1358,1,1,38,370737.8048607896
3570,5,1,20,871046.2089341965
1156,2,3,35,371838.9817883864
3829,2,1,22,873877.893716844
3076,1,3,37,752041.8976741573
3093,4,2,25,768285.1534103814
3605,3,1,31,856478.5987787027
2010,4,3,2,580939.2344392134
1308,5,2,1,434215.53861279204
2876,1,1,25,685599.994608898
2753,2,1,46,673121.5347683867
1630,4,3,48,496079.04081637686
1095,1,1,5,330567.7381754028
1940,3,3,1,590497.0764908692
824,2,1,37,278042.2367541497
1162,4,2,21,380375.842710405
579,2,1,5,257182.31990048778
583,5,3,6,304983.2754264565
3367,3,3,15,862437.1950783965
3968,3,3,23,965574.0835548154
3233,3,2,16,796612.8015369123
2141,5,1,20,598953.0687773221
1348,4,1,13,426591.1521147044
3642,4,1,40,851111.048030651
4306,4,3,33,1038583.941095724
2231,4,3,31,610535.1255805155
1860,4,1,21,515666.7371475333
1653,1,3,21,476410.54449217464
2342,5,1,6,621609.0398773374
863,3,1,11,298766.577211093
2886,4,3,25,753377.840109203
1197,4,1,12,374517.66501330136
3978,3,3,22,933847.9737323073
1411,3,1,7,415338.9439562857
4112,1,3,2,979710.9242148839
3899,5,3,14,965101.1886643004
4909,2,3,16,1151471.3094062007
3374,1,1,48,777637.5349543169
2764,2,1,44,658136.9034805292
2817,1,2,22,688004.164495205
578,5,1,4,264234.58640730823
3872,5,1,30,935257.9722470593
3663,2,1,10,848788.9991391704
2545,4,2,25,657295.9236788073
2123,4,2,37,574497.1377957137
2113,4,1,21,567123.5326449082
1010,2,1,38,302973.4963649021
4706,4,3,47,1093644.642047805
2597,3,1,20,657050.4060223931
2891,3,3,41,743997.2335899699
1998,5,1,4,566090.0356209017
2276,2,3,38,600941.9023840914
1718,4,2,4,495975.9126612987
2821,3,2,21,707526.576534479
1844,4,1,39,509514.9424131105
736,1,2,31,282509.4666985489
2627,4,2,34,687293.7590815525
1686,5,3,26,520580.7164444561
4252,1,2,42,981446.0046664918
3562,2,1,45,853714.6071316396
873,4,1,23,312161.3808461731
3732,4,2,38,889768.8420465497
2974,1,1,3,733484.8292577972
1907,5,2,28,549754.6452538542
1111,5,1,47,364823.0768842727
4495,5,3,38,1078923.7432765912
2852,2,2,29,699355.1349481504
2174,1,1,36,531452.0471524941
1797,3,3,48,502628.5249045169
2833,2,2,34,712059.4625683101
2159,5,1,26,569433.5933531541
4049,5,2,11,989286.5464564855
3195,4,3,40,798423.125399745
3133,2,2,9,768566.3311128465
4043,1,3,18,962029.5097660833
4997,5,3,26,1189839.8891335789
743,3,1,8,293029.76537866937
3081,4,3,30,767468.80337634
3715,1,3,40,893709.6470867579
3300,1,1,42,777101.9651719956
2181,1,3,21,581614.3683319115
3547,4,1,34,847502.5781695942
1297,3,1,11,416914.49208620156
3003,5,3,13,798572.2427129373
2774,4,2,48,700507.0559642508
4216,4,3,3,1023776.6132414886
945,3,2,33,330564.62888988975
1624,1,3,25,479072.32054397167
4628,5,1,6,1097999.917847067
3653,2,3,20,869465.769885012
2155,1,1,1,560146.4239886607
2922,1,2,18,724041.2133137761
2281,3,3,24,604135.3683402828
1807,2,2,47,487870.35248561675
2131,5,3,21,592929.5639362348
2556,5,1,37,658994.9283594139
3884,5,1,37,902467.6549808705
2515,3,3,13,664682.5447629208
686,2,2,45,258589.34085504865
4466,2,3,37,1032611.5017985739
4549,1,3,16,1071315.2801697457
2659,4,3,38,703155.1056973911
4540,2,2,25,1041504.311396766
4843,5,3,46,1131269.221591059
1504,5,1,21,452912.2368315477
3456,4,3,8,861908.8703170068
4296,4,3,47,1030430.8000414966
4671,1,1,24,1067167.6600154778
3793,1,3,21,913631.9989808211
1564,3,2,6,473116.9034554515
712,5,3,8,331743.71216706856
1633,3,2,37,464048.9371053854
4699,5,3,48,1128252.845726876
1080,3,3,10,380240.6439247847
994,1,3,6,366410.9855689575
1387,2,2,26,403084.6075797985
4569,4,1,34,1048837.6834560179
4580,5,3,21,1083359.434072792
3096,1,3,1,775292.3420122828
4932,1,3,34,1111762.7237812378
3014,1,1,20,734450.4940679044
665,3,3,10,307122.7227166107
1234,4,2,3,420673.9674687682
873,1,1,17,293926.7844916477
2018,3,2,24,540674.5918560886
3757,1,2,26,879641.1828773383
4861,3,1,43,1114070.8068786773
3285,2,1,17,783585.5492600631
1700,3,3,18,495829.8379837519
4282,5,1,41,982376.5734330496
3047,4,2,18,763266.7300960792
4954,3,3,38,1129177.7110245912
3994,4,1,42,941105.1736904259
535,3,2,39,255311.67266182246
560,4,1,13,251743.1817277945
2321,2,3,7,631839.8130846942
4751,5,2,48,1100435.45347043
1557,5,1,25,463443.8571722514
4458,5,3,34,1073319.5555156497
1935,3,1,15,520060.3999096051
3800,5,3,6,956182.0334865311
556,1,2,10,229342.71949532448
4318,1,2,38,985774.7498798796
3089,5,1,39,762950.4797761226
2789,5,2,12,711336.0686375189
3473,3,1,26,808503.0980726851
1457,5,1,17,429304.76394373074
2094,4,2,20,582943.0683392395
4710,2,1,24,1066239.5962687165
3844,3,1,49,892039.5757717404
4440,3,2,10,1029736.2150749183
2561,1,3,43,657089.7381066626
1269,3,1,42,387628.4121981739
4335,3,1,42,983330.3696497667
4854,2,1,40,1097560.602764538
2358,4,2,27,625590.7760321884
2695,2,3,43,664737.9497598996
3048,4,2,12,757273.0523384911
4334,1,2,8,1010137.23487855
4242,2,2,28,983359.5118933102
2075,2,3,33,572312.2494645393
3493,2,2,31,832216.2687526759
1806,5,2,23,532376.7089336078
4967,5,2,30,1179635.2642298017
1664,2,3,33,495268.490876314
3813,3,3,3,931771.727313896
1460,1,3,23,439249.68724703125
2805,3,3,48,716944.4544306179
3992,1,2,41,925513.9116749611
4446,1,3,48,1020910.0880518802
2034,5,1,25,554364.6814950496
3246,1,2,15,781663.771827635
3280,2,1,3,784697.1289052162
1729,2,3,4,525633.6728123979
1833,1,1,34,487007.26238835324
2234,5,2,43,603263.8498112061
4099,3,2,37,965582.9226069382
1681,5,2,1,514045.4073576431
3504,5,1,25,865232.4113596821
3014,3,2,39,753788.8051641799
3345,2,2,13,818186.1083271089
2583,4,1,16,672312.6426961452
3847,5,3,27,957505.7080804157
4484,2,2,24,1046540.618538083
4107,1,3,30,966711.3137332919
4951,5,3,17,1178219.0052911453
2230,5,2,19,610727.7437640076
4677,1,1,46,1021682.4926250682
3488,4,3,34,865321.5161949329
2586,4,1,4,662789.4446659588
862,3,2,39,313500.09066957125
2403,1,2,8,628004.884241871
4367,2,2,21,1014628.2467544036
1959,2,2,49,513149.9832889038
2954,4,2,25,739768.7137513836
3225,3,2,3,789198.6479257607
1042,3,1,11,361228.0533535749
2299,2,2,35,574533.0898107075
739,3,3,25,300952.1697376894
